#,Genre,Date,Ville,Adversaire,score
878,LdN,10/10/2021,Milan*,Espagne,2-1
877,LdN,07/10/2021,Turin*,Belgique,3-2
876,qCM,07/09/2021,Lyon,Finlande,2-0
875,qCM,04/09/2021,Kiev,Ukraine,1-1
874,qCM,01/09/2021,Strasbourg,Bosnie,1-1
873,Euro 1/8,28/06/2021,Bucarest*,Suisse,3-3 (4-5 tab)
872,Euro T1,23/06/2021,Budapest*,Portugal,2-2
871,Euro T1,19/06/2021,Budapest*,Hongrie,1-1
870,Euro T1,15/06/2021,Munich*,Allemagne,1-0
869,Amical,08/06/2021,Saint-Denis,Bulgarie,3-0
868,Amical,02/06/2021,Nice,Galles,3-0
867,qCM,31/03/2021,Sarajevo,Bosnie,1-0
866,qCM,28/03/2021,Noursoultan,Kazakhstan,2-0
865,qCM,24/03/2021,Saint-Denis,Ukraine,1-1
864,qLN,17/11/2020,Saint-Denis,Suède,4-2
863,qLN,14/11/2020,Lisbonne,Portugal,1-0
862,Amical,11/11/2020,Saint-Denis,Finlande,0-2
861,qLN,14/10/2020,Zagreb,Croatie,2-1
860,qLN,11/10/2020,Saint-Denis,Portugal,0-0
859,Amical,07/10/2020,Saint-Denis,Ukraine,7-1
858,qLN,08/09/2020,Saint-Denis,Croatie,4-2
857,qLN,05/09/2020,Solna,Suède,1-0
856,qEuro,17/11/2019,Tirana,Albanie,2-0
855,qEuro,14/11/2019,Saint-Denis,Moldavie,2-1
854,qEuro,14/10/2019,Saint-Denis,Turquie,1-1
853,qEuro,11/10/2019,Reykjavik,Islande,1-0
852,qEuro,10/09/2019,Saint-Denis,Andorre,3-0
851,qEuro,07/09/2019,Saint-Denis,Albanie,4-1
850,qEuro,11/06/2019,Andorre-la-Vieille,Andorre,4-0
849,qEuro,08/06/2019,Konya,Turquie,0-2
848,Amical,02/06/2019,Nantes,Bolivie,2-0
847,qEuro,25/03/2019,Saint-Denis,Islande,4-0
846,qEuro,22/03/2019,Chisinau,Moldavie,4-1
845,Amical,20/11/2018,Saint-Denis,Uruguay,1-0
844,qLN,16/11/2018,Rotterdam,Pays-Bas,0-2
843,qLN,16/10/2018,Saint-Denis,Allemagne,2-1
842,Amical,11/10/2018,Guingamp,Islande,2-2
841,qLN,09/09/2018,Saint-Denis,Pays-Bas,2-1
840,qLN,06/09/2018,Munich,Allemagne,0-0
839,CM fin,15/07/2018,Moscou*,Croatie,4-2
838,CM 1/2,10/07/2018,Saint-Petersbourg *,Belgique,1-0
837,CM 1/4,06/07/2018,Nijni-Novgorod *,Uruguay,2-0
836,CM 1/8,30/06/2018,Kazan*,Argentine,4-3
835,CM T1,26/06/2018,Moscou*,Danemark,0-0
834,CM T1,21/06/2018,Iekaterinbourg*,Pérou,1-0
833,CM T1,16/06/2018,Kazan*,Australie,2-1
832,Amical,09/06/2018,Lyon,Etats-Unis,1-1
831,Amical,01/06/2018,Nice,Italie,3-1
830,Amical,28/05/2018,Saint-Denis,Rep. d’Irlande,2-0
829,Amical,27/03/2018,Saint-Petersbourg,Russie,3-1
828,Amical,23/03/2018,Saint-Denis,Colombie,2-3
827,Amical,14/11/2017,Cologne,Allemagne,2-2
826,Amical,10/11/2017,Saint-Denis,Galles,2-0
825,qCM,10/10/2017,Saint-Denis,Biélorussie,2-1
824,qCM,07/10/2017,Sofia,Bulgarie,1-0
823,qCM,03/09/2017,Toulouse,Luxembourg,0-0
822,qCM,31/08/2017,Saint-Denis,Pays-Bas,4-0
821,Amical,13/06/2017,Saint-Denis,Angleterre,3-2
820,qCM,09/06/2017,Solna,Suède,1-2
819,Amical,02/06/2017,Rennes,Paraguay,5-0
818,Amical,28/03/2017,Saint-Denis,Espagne,0-2
817,qCM,25/03/2017,Luxembourg,Luxembourg,3-1
816,Amical,15/11/2016,Lens,Côte d’Ivoire,0-0
815,qCM,11/11/2016,Saint-Denis,Suède,2-1
814,qCM,10/10/2016,Amsterdam,Pays-Bas,1-0
813,qCM,07/10/2016,Saint-Denis,Bulgarie,4-1
812,qCM,06/09/2016,Borisov,Biélorussie,0-0
811,Amical,01/09/2016,Bari,Italie,3-1
810,Euro fin,10/07/2016,Saint-Denis,Portugal,0-1 (prol)
809,Euro 1/2,07/07/2016,Marseille,Allemagne,2-0
808,Euro 1/4,03/07/2016,Saint-Denis,Islande,5-2
807,Euro 1/8,26/06/2016,Lyon,Rep. d’Irlande,2-1
806,Euro T1,19/06/2016,Villeneuve d’Asq,Suisse,0-0
805,Euro T1,15/06/2016,Marseille,Albanie,2-0
804,Euro T1,10/06/2016,Saint-Denis,Roumanie,2-1
803,Amical,04/06/2016,Metz,Ecosse,3-0
802,Amical,30/05/2016,Nantes,Cameroun,3-2
801,Amical,29/03/2016,Saint-Denis,Russie,4-2
800,Amical,25/03/2016,Amsterdam,Pays-Bas,3-2
799,Amical,17/11/2015,Londres,Angleterre,0-2
798,Amical,13/11/2015,Saint-Denis,Allemagne,2-0
797,Amical,11/10/2015,Copenhague,Danemark,2-1
796,Amical,08/10/2015,Nice,Arménie,4-0
795,Amical,07/09/2015,Bordeaux,Serbie,2-1
794,Amical,04/09/2015,Lisbonne,Portugal,1-0
793,Amical,13/06/2015,Elbasan,Albanie,0-1
792,Amical,07/06/2015,Saint-Denis,Belgique,3-4
791,Amical,29/03/2015,Saint-Etienne,Danemark,2-0
790,Amical,26/03/2015,Saint-Denis,Brésil,1-3
789,Amical,18/11/2014,Marseille,Suède,1-0
788,Amical,14/11/2014,Rennes,Albanie,1-1
787,Amical,14/10/2014,Erevan,Arménie,3-0
786,Amical,11/10/2014,Saint-Denis,Portugal,2-1
785,Amical,07/09/2014,Belgrade,Serbie,1-1
784,Amical,04/09/2014,Saint-Denis,Espagne,1-0
783,CM 1/4,04/07/2014,Rio de Janeiro*,Allemagne,0-1
782,CM 1/8,30/06/2014,Brasilia*,Nigéria,2-0
781,CM T1,25/06/2014,Rio de Janeiro*,Equateur,0-0
780,CM T1,20/06/2014,Salvador de Bahia*,Suisse,5-2
779,CM T1,15/06/2014,Porto Alegre*,Honduras,3-0
778,Amical,08/06/2014,Villeneuve d’Asq,Jamaïque,8-0
777,Amical,01/06/2014,Nice,Paraguay,1-1
776,Amical,27/05/2014,Saint-Denis,Norvège,4-0
775,Amical,05/03/2014,Saint-Denis,Pays-Bas,2-0
774,qCM,19/11/2013,Saint-Denis,Ukraine,3-0
773,qCM,15/11/2013,Kiev,Ukraine,0-2
772,qCM,15/10/2013,Saint-Denis,Finlande,3-0
771,Amical,11/10/2013,Paris (Parc),Australie,6-0
770,qCM,10/09/2013,Gomel,Biélorussie,4-2
769,qCM,06/09/2013,Tbilissi,Géorgie,0-0
768,Amical,14/08/2013,Bruxelles,Belgique,0-0
767,Amical,09/06/2013,Porto Alegre,Brésil,0-3
766,Amical,05/06/2013,Montevideo,Uruguay,0-1
765,qCM,26/03/2013,Saint-Denis,Espagne,0-1
764,qCM,22/03/2013,Saint-Denis,Géorgie,3-1
763,Amical,06/02/2013,Saint-Denis,Allemagne,1-2
762,Amical,14/11/2012,Parme,Italie,2-1
761,qCM,16/10/2012,Madrid,Espagne,1-1
760,Amical,12/10/2012,Saint-Denis,Japon,0-1
759,qCM,11/09/2012,Saint-Denis,Biélorussie,3-1
758,qCM,07/09/2012,Helsinki,Finlande,1-0
757,Amical,15/08/2012,Le Havre,Uruguay,0-0
756,Euro 1/4,23/06/2012,Donetsk*,Espagne,0-2
755,Euro T1,19/06/2012,Kiev*,Suède,0-2
754,Euro T1,15/06/2012,Donetsk,Ukraine,2-0
753,Euro T1,11/06/2012,Donetsk*,Angleterre,1-1
752,Amical,05/06/2012,Le Mans,Estonie,4-0
751,Amical,31/05/2012,Reims,Serbie,2-0
750,Amical,27/05/2012,Valenciennes,Islande,3-2
749,Amical,29/02/2012,Brême,Allemagne,2-1
748,Amical,15/11/2011,Saint-Denis,Belgique,0-0
747,Amical,11/11/2011,Saint-Denis,Etats-Unis,1-0
746,qEuro,11/10/2011,Saint-Denis,Bosnie,1-1
745,qEuro,07/10/2011,Saint-Denis,Albanie,3-0
744,qEuro,06/09/2011,Bucarest,Roumanie,0-0
743,qEuro,02/09/2011,Tirana,Albanie,2-1
742,Amical,10/08/2011,Montpellier,Chili,1-1
741,Amical,09/06/2011,Varsovie,Pologne,1-0
740,Amical,06/06/2011,Donetsk,Ukraine,4-1
739,qEuro,03/06/2011,Minsk,Biélorussie,1-1
738,Amical,29/03/2011,Saint-Denis,Croatie,0-0
737,qEuro,25/03/2011,Luxembourg,Luxembourg,2-0
736,Amical,09/02/2011,Saint-Denis,Brésil,1-0
735,Amical,17/11/2010,Londres,Angleterre,2-1
734,qEuro,12/10/2010,Metz,Luxembourg,2-0
733,qEuro,09/10/2010,Saint-Denis,Roumanie,2-0
732,qEuro,07/09/2010,Sarajevo,Bosnie,2-0
731,qEuro,03/09/2010,Saint-Denis,Biélorussie,0-1
730,Amical,11/08/2010,Oslo,Norvège,1-2
729,CM T1,22/06/2010,Bloemfontein,Afrique du sud,1-2
728,CM T1,17/06/2010,Polokwane*,Mexique,0-2
727,CM T1,11/06/2010,Le Cap*,Uruguay,0-0
726,Amical,04/06/2010,Saint-Pierre Réunion,Chine,0-1
725,Amical,30/05/2010,Radès,Tunisie,1-1
724,Amical,26/05/2010,Lens,Costa Rica,2-1
723,Amical,03/03/2010,Saint-Denis,Espagne,0-2
722,qCM,18/11/2009,Saint-Denis,Rep. d’Irlande,1-1 (prol)
721,qCM,14/11/2009,Dublin,Rep. d’Irlande,1-0
720,qCM,14/10/2009,Saint-Denis,Autriche,3-1
719,qCM,10/10/2009,Guingamp,Féroé,5-0
718,qCM,09/09/2009,Belgrade,Serbie,1-1
717,qCM,05/09/2009,Saint-Denis,Roumanie,1-1
716,qCM,12/08/2009,Torshavn,Féroé,1-0
715,Amical,05/06/2009,Lyon,Turquie,1-0
714,Amical,02/06/2009,Saint-Etienne,Nigéria,0-1
713,qCM,01/04/2009,Saint-Denis,Lituanie,1-0
712,qCM,28/03/2009,Kaunas,Lituanie,1-0
711,Amical,11/02/2009,Marseille,Argentine,0-2
710,Amical,19/11/2008,Saint-Denis,Uruguay,0-0
709,Amical,14/10/2008,Saint-Denis,Tunisie,3-1
708,qCM,11/10/2008,Constanta,Roumanie,2-2
707,qCM,10/09/2008,Saint-Denis,Serbie,2-1
706,qCM,06/09/2008,Vienne,Autriche,1-3
705,Amical,20/08/2008,Göteborg,Suède,3-2
704,Euro T1,17/06/2008,Zurich*,Italie,0-2
703,Euro T1,13/06/2008,Berne*,Pays-Bas,1-4
702,Euro T1,09/06/2008,Zurich*,Roumanie,0-0
701,Amical,03/06/2008,Saint-Denis,Colombie,1-0
700,Amical,31/05/2008,Toulouse,Paraguay,0-0
699,Amical,27/05/2008,Grenoble,Equateur,2-0
698,Amical,26/03/2008,Saint-Denis,Angleterre,1-0
697,Amical,06/02/2008,Malaga,Espagne,0-1
696,qEuro,21/11/2007,Kiev,Ukraine,2-2
695,Amical,16/11/2007,Saint-Denis,Maroc,2-2
694,qEuro,17/10/2007,Nantes,Lituanie,2-0
693,qEuro,13/10/2007,Torshavn,Féroé,6-0
692,qEuro,12/09/2007,Paris (Parc),Ecosse,0-1
691,qEuro,08/09/2007,Milan,Italie,0-0
690,Amical,22/08/2007,Trnava,Slovaquie,1-0
689,qEuro,06/06/2007,Auxerre,Géorgie,1-0
688,qEuro,02/06/2007,Saint-Denis,Ukraine,2-0
687,Amical,28/03/2007,Saint-Denis,Autriche,1-0
686,qEuro,24/03/2007,Kaunas,Lituanie,1-0
685,Amical,07/02/2007,Saint-Denis,Argentine,0-1
684,Amical,15/11/2006,Saint-Denis,Grèce,1-0
683,qEuro,11/10/2006,Sochaux,Féroé,5-0
682,qEuro,07/10/2006,Glasgow,Ecosse,0-1
681,qEuro,06/09/2006,Saint-Denis,Italie,3-1
680,qEuro,02/09/2006,Tbilissi,Géorgie,3-0
679,Amical,16/08/2006,Sarajevo,Bosnie,2-1
678,CM fin,09/07/2006,Berlin*,Italie,1-1 (3-5 tab)
677,CM 1/2,05/07/2006,Munich*,Portugal,1-0
676,CM 1/4,01/07/2006,Francfort*,Brésil,1-0
675,CM 1/8,27/06/2006,Hanovre*,Espagne,3-1
674,CM T1,23/06/2006,Cologne*,Togo,2-0
673,CM T1,18/06/2006,Leipzig*,Corée du Sud,1-1
672,CM T1,13/06/2006,Stuttgart*,Suisse,0-0
671,Amical,07/06/2006,Saint-Etienne,Chine,3-1
670,Amical,31/05/2006,Lens,Danemark,2-0
669,Amical,27/05/2006,Saint-Denis,Mexique,1-0
668,Amical,01/03/2006,Saint-Denis,Slovaquie,1-2
667,Amical,12/11/2005,Saint-Denis,Allemagne,0-0
666,Amical,09/11/2005,Fort-de-France,Costa Rica,3-2
665,qCM,12/10/2005,Saint-Denis,Chypre,4-0
664,qCM,08/10/2005,Berne,Suisse,1-1
663,qCM,07/09/2005,Dublin,Rep. d’Irlande,1-0
662,qCM,03/09/2005,Lens,Féroé,3-0
661,Amical,17/08/2005,Montpellier,Côte d’Ivoire,3-0
660,Amical,31/05/2005,Metz,Hongrie,2-1
659,qCM,30/03/2005,Tel Aviv,Israël,1-1
658,qCM,26/03/2005,Saint-Denis,Suisse,0-0
657,Amical,09/02/2005,Saint-Denis,Suède,1-1
656,Amical,17/11/2004,Saint-Denis,Pologne,0-0
655,qCM,13/10/2004,Nicosie,Chypre,2-0
654,qCM,09/10/2004,Saint-Denis,Rep. d’Irlande,0-0
653,qCM,08/09/2004,Torshavn,Féroé,2-0
652,qCM,04/09/2004,Saint-Denis,Israël,0-0
651,Amical,18/08/2004,Rennes,Bosnie,1-1
650,Euro 1/4,25/06/2004,Lisbonne*,Grèce,0-1
649,Euro T1,21/06/2004,Coimbra*,Suisse,3-1
648,Euro T1,17/06/2004,Leiria*,Croatie,2-2
647,Euro T1,13/06/2004,Lisbonne*,Angleterre,2-1
646,Amical,06/06/2004,Saint-Denis,Ukraine,1-0
645,Amical,28/05/2004,Montpellier,Andorre,4-0
644,Amical,20/05/2004,Saint-Denis,Brésil,0-0
643,Amical,31/03/2004,Rotterdam,Pays-Bas,0-0
642,Amical,18/02/2004,Bruxelles,Belgique,2-0
641,Amical,15/11/2003,Gelsenkirchen,Allemagne,3-0
640,qEuro,11/10/2003,Saint-Denis,Israël,3-0
639,qEuro,10/09/2003,Ljubljana,Slovénie,2-0
638,qEuro,06/09/2003,Saint-Denis,Chypre,5-0
637,Amical,20/08/2003,Genève,Suisse,2-0
636,Conf fin,29/06/2003,Saint-Denis,Cameroun,1-0 (prol)
635,Conf 1/2,26/06/2003,Saint-Denis,Turquie,3-2
634,Conf T1,22/06/2003,Saint-Denis,Nouvelle-Zélande,5-0
633,Conf T1,20/06/2003,Saint-Etienne,Japon,2-1
632,Conf T1,18/06/2003,Lyon,Colombie,1-0
631,Amical,30/04/2003,Saint-Denis,Egypte,5-0
630,qEuro,02/04/2003,Palerme,Israël,2-1
629,qEuro,29/03/2003,Lens,Malte,6-0
628,Amical,12/02/2003,Saint-Denis,Rep. Tchèque,0-2
627,Amical,20/11/2002,Saint-Denis,Yougoslavie,3-0
626,qEuro,16/10/2002,La Valette,Malte,4-0
625,qEuro,12/10/2002,Saint-Denis,Slovénie,5-0
624,qEuro,07/09/2002,Nicosie,Chypre,2-1
623,Amical,21/08/2002,Radès,Tunisie,1-1
622,CM T1,11/06/2002,Incheon*,Danemark,0-2
621,CM T1,06/06/2002,Busan*,Uruguay,0-0
620,CM T1,31/05/2002,Séoul*,Sénégal,0-1
619,Amical,26/05/2002,Suwon,Corée du Sud,3-2
618,Amical,18/05/2002,Saint-Denis,Belgique,1-2
617,Amical,17/04/2002,Saint-Denis,Russie,0-0
616,Amical,27/03/2002,Saint-Denis,Ecosse,5-0
615,Amical,13/02/2002,Saint-Denis,Roumanie,2-1
614,Amical,11/11/2001,Melbourne,Australie,1-1
613,Amical,06/10/2001,Saint-Denis,Algérie,4-1
612,Amical,01/09/2001,Santiago,Chili,1-2
611,Amical,15/08/2001,Nantes,Danemark,1-0
610,Conf fin,10/06/2001,Yokohama,Japon,1-0
609,Conf 1/2,07/06/2001,Suwon*,Brésil,2-1
608,Conf T1,03/06/2001,Ulsan*,Mexique,4-0
607,Conf T1,01/06/2001,Taegu*,Australie,0-1
606,Conf T1,30/05/2001,Taegu,Corée du Sud,5-0
605,Amical,25/04/2001,Saint-Denis,Portugal,4-0
604,Amical,28/03/2001,Valence,Espagne,1-2
603,Amical,24/03/2001,Saint-Denis,Japon,5-0
602,Amical,27/02/2001,Saint-Denis,Allemagne,1-0
601,Amical,15/11/2000,Istanbul,Turquie,4-0
600,Amical,07/10/2000,Johannesburg,Afrique du sud,0-0
599,Amical,04/10/2000,Saint-Denis,Cameroun,1-1
598,Amical,02/09/2000,Saint-Denis,Angleterre,1-1
597,Amical,16/08/2000,Marseille,Sélection FIFA,5-1
596,Euro fin,02/07/2000,Rotterdam*,Italie,2-1 (prol)
595,Euro 1/2,28/06/2000,Bruxelles*,Portugal,2-1 (prol)
594,Euro 1/4,25/06/2000,Bruges*,Espagne,2-1
593,Euro T1,21/06/2000,Amsterdam,Pays-Bas,2-3
592,Euro T1,16/06/2000,Bruges*,Rep. Tchèque,2-1
591,Euro T1,11/06/2000,Bruges*,Danemark,3-0
590,Amical,06/06/2000,Casablanca,Maroc,5-1
589,Amical,04/06/2000,Casablanca*,Japon,2-2
588,Amical,28/05/2000,Zagreb,Croatie,2-0
587,Amical,26/04/2000,Saint-Denis,Slovénie,3-2
586,Amical,29/03/2000,Glasgow,Ecosse,2-0
585,Amical,23/02/2000,Saint-Denis,Pologne,1-0
584,Amical,13/11/1999,Saint-Denis,Croatie,3-0
583,qEuro,09/10/1999,Saint-Denis,Islande,3-2
582,qEuro,08/09/1999,Erevan,Arménie,3-2
581,qEuro,04/09/1999,Kiev,Ukraine,0-0
580,Amical,18/08/1999,Belfast,Irlande du Nord,1-0
579,qEuro,09/06/1999,Barcelone,Andorre,1-0
578,qEuro,05/06/1999,Saint-Denis,Russie,2-3
577,qEuro,31/03/1999,Saint-Denis,Arménie,2-0
576,qEuro,27/03/1999,Saint-Denis,Ukraine,0-0
575,Amical,10/02/1999,Londres,Angleterre,2-0
574,Amical,20/01/1999,Marseille,Maroc,1-0
573,qEuro,14/10/1998,Saint-Denis,Andorre,2-0
572,qEuro,10/10/1998,Moscou,Russie,3-2
571,qEuro,05/09/1998,Reykjavik,Islande,1-1
570,Amical,19/08/1998,Vienne,Autriche,2-2
569,CM fin,12/07/1998,Saint-Denis,Brésil,3-0
568,CM 1/2,08/07/1998,Saint-Denis,Croatie,2-1
567,CM 1/4,03/07/1998,Saint-Denis,Italie,0-0 (4-3 tab)
566,CM 1/8,28/06/1998,Lens,Paraguay,1-0 (prol)
565,CM T1,24/06/1998,Lyon,Danemark,2-1
564,CM T1,18/06/1998,Saint-Denis,Arabie Saoudite,4-0
563,CM T1,12/06/1998,Marseille,Afrique du sud,3-0
562,Amical,05/06/1998,Helsinki,Finlande,1-0
561,Amical,29/05/1998,Casablanca,Maroc,2-2
560,Amical,27/05/1998,Casablanca*,Belgique,1-0
559,Amical,22/04/1998,Solna,Suède,0-0
558,Amical,25/03/1998,Moscou,Russie,0-1
557,Amical,25/02/1998,Marseille,Norvège,3-3
556,Amical,28/01/1998,Saint-Denis,Espagne,1-0
555,Amical,12/11/1997,Saint-Etienne,Ecosse,2-1
554,Amical,11/10/1997,Lens,Afrique du sud,2-1
553,Amical,11/06/1997,Paris (Parc),Italie,2-2
552,Amical,07/06/1997,Montpellier,Angleterre,0-1
551,Amical,03/06/1997,Lyon,Brésil,1-1
550,Amical,02/04/1997,Paris (Parc),Suède,1-0
549,Amical,26/02/1997,Paris (Parc),Pays-Bas,2-1
548,Amical,22/01/1997,Braga,Portugal,2-0
547,Amical,09/11/1996,Copenhague,Danemark,0-1
546,Amical,09/10/1996,Paris (Parc),Turquie,4-0
545,Amical,31/08/1996,Paris (Parc),Mexique,2-0
544,Euro 1/2,26/06/1996,Manchester*,Rep. Tchèque,0-0 (4-5 tab)
543,Euro 1/4,22/06/1996,Liverpool*,Pays-Bas,0-0 (5-4 tab)
542,Euro T1,18/06/1996,Newcastle*,Bulgarie,3-1
541,Euro T1,15/06/1996,Leeds*,Espagne,1-1
540,Euro T1,10/06/1996,Newcastle*,Roumanie,1-0
539,Amical,05/06/1996,Villeneuve d’Ascq,Arménie,2-0
538,Amical,01/06/1996,Stuttgart,Allemagne,1-0
537,Amical,29/05/1996,Strasbourg,Finlande,2-0
536,Amical,27/03/1996,Bruxelles,Belgique,2-0
535,Amical,21/02/1996,Nîmes,Grèce,3-1
534,Amical,24/01/1996,Paris (Parc),Portugal,3-2
533,qEuro,15/11/1995,Caen,Israël,2-0
532,qEuro,11/10/1995,Bucarest,Roumanie,3-1
531,qEuro,06/09/1995,Auxerre,Azerbaïdjan,10-0
530,qEuro,16/08/1995,Paris (Parc),Pologne,1-1
529,Amical,22/07/1995,Oslo,Norvège,0-0
528,qEuro,26/04/1995,Nantes,Slovaquie,4-0
527,qEuro,29/03/1995,Tel Aviv,Israël,0-0
526,Amical,18/01/1995,Utrecht,Pays-Bas,1-0
525,qEuro,13/12/1994,Trabzon,Azerbaïdjan,2-0
524,qEuro,16/11/1994,Zabrze,Pologne,0-0
523,qEuro,08/10/1994,Saint-Etienne,Roumanie,0-0
522,qEuro,07/09/1994,Bratislava,Slovaquie,0-0
521,Amical,17/08/1994,Bordeaux,Rep. Tchèque,2-2
520,Amical,29/05/1994,Tokyo,Japon,4-1
519,Amical,26/05/1994,Kobé*,Australie,1-0
518,Amical,22/03/1994,Lyon,Chili,3-1
517,Amical,16/02/1994,Naples,Italie,1-0
516,qCM,17/11/1993,Paris (Parc),Bulgarie,1-2
515,qCM,13/10/1993,Paris (Parc),Israël,2-3
514,qCM,08/09/1993,Tampere,Finlande,2-0
513,qCM,22/08/1993,Solna,Suède,1-1
512,Amical,28/07/1993,Caen,Russie,3-1
511,qCM,28/04/1993,Paris (Parc),Suède,2-1
510,qCM,27/03/1993,Vienne,Autriche,1-0
509,qCM,17/02/1993,Tel Aviv,Israël,4-0
508,qCM,14/11/1992,Paris (Parc),Finlande,2-1
507,qCM,14/10/1992,Paris (Parc),Autriche,2-0
506,qCM,09/09/1992,Sofia,Bulgarie,0-2
505,Amical,26/08/1992,Paris (Parc),Brésil,0-2
504,Euro T1,17/06/1992,Malmö*,Danemark,1-2
503,Euro T1,14/06/1992,Malmö*,Angleterre,0-0
502,Euro T1,10/06/1992,Solna,Suède,1-1
501,Amical,05/06/1992,Lens,Pays-Bas,1-1
500,Amical,27/05/1992,Lausanne,Suisse,1-2
499,Amical,25/03/1992,Paris (Parc),Belgique,3-3
498,Amical,19/02/1992,Londres,Angleterre,0-2
497,qEuro,20/11/1991,Paris (Parc),Islande,3-1
496,qEuro,12/10/1991,Séville,Espagne,2-1
495,qEuro,04/09/1991,Bratislava,Tchécoslovaquie,2-1
494,Amical,14/08/1991,Poznan,Pologne,5-1
493,qEuro,30/03/1991,Paris (Parc),Albanie,5-0
492,qEuro,20/02/1991,Paris (Parc),Espagne,3-1
491,qEuro,17/11/1990,Tirana,Albanie,1-0
490,qEuro,13/10/1990,Paris (Parc),Tchécoslovaquie,2-1
489,qEuro,05/09/1990,Reykjavik,Islande,2-1
488,Amical,15/08/1990,Paris (Parc),Pologne,0-0
487,Amical,28/03/1990,Budapest,Hongrie,3-1
486,Amical,28/02/1990,Montpellier,Allemagne,2-1
485,Amical,24/01/1990,Koweït City*,RDA,3-0
484,Amical,21/01/1990,Koweït City,Koweït,1-0
483,qCM,18/11/1989,Toulouse,Chypre,2-0
482,qCM,11/10/1989,Paris (Parc),Ecosse,3-0
481,qCM,05/09/1989,Oslo,Norvège,1-1
480,Amical,16/08/1989,Malmö,Suède,4-2
479,qCM,29/04/1989,Paris (Parc),Yougoslavie,0-0
478,qCM,08/03/1989,Glasgow,Ecosse,0-2
477,Amical,07/02/1989,Dublin,Rep. d’Irlande,0-0
476,qCM,19/11/1988,Belgrade,Yougoslavie,2-3
475,qCM,22/10/1988,Nicosie,Chypre,1-1
474,qCM,28/09/1988,Paris (Parc),Norvège,1-0
473,Amical,24/08/1988,Paris (Parc),Tchécoslovaquie,1-1
472,Amical,27/04/1988,Belfast,Irlande du Nord,0-0
471,Amical,23/03/1988,Bordeaux,Espagne,2-1
470,Amical,05/02/1988,Monaco,Maroc,2-1
469,Amical,02/02/1988,Toulouse,Suisse,2-1
468,Amical,27/01/1988,Tel Aviv,Israël,1-1
467,qEuro,18/11/1987,Paris (Parc),RDA,0-1
466,qEuro,14/10/1987,Paris (Parc),Norvège,1-1
465,qEuro,09/09/1987,Moscou,URSS,1-1
464,Amical,12/08/1987,Berlin,Allemagne,1-2
463,qEuro,16/06/1987,Oslo,Norvège,0-2
462,qEuro,29/04/1987,Paris (Parc),Islande,2-0
461,qEuro,19/11/1986,Leipzig,RDA,0-0
460,qEuro,11/10/1986,Paris (Parc),URSS,0-2
459,qEuro,10/09/1986,Reykjavik,Islande,0-0
458,Amical,19/08/1986,Lausanne,Suisse,0-2
457,CM 3pl,28/06/1986,Puebla*,Belgique,4-2 (prol)
456,CM 1/2,25/06/1986,Guadalajara*,Allemagne,0-2
455,CM 1/4,21/06/1986,Guadalajara*,Brésil,1-1 (4-3 tab)
454,CM 1/8,17/06/1986,Mexico*,Italie,2-0
453,CM T1,09/06/1986,Leon*,Hongrie,3-0
452,CM T1,05/06/1986,Leon*,URSS,1-1
451,CM T1,01/06/1986,Leon*,Canada,1-0
450,Amical,26/03/1986,Paris (Parc),Argentine,2-0
449,Amical,26/02/1986,Paris (Parc),Irlande du Nord,0-0
448,qCM,16/11/1985,Paris (Parc),Yougoslavie,2-0
447,qCM,30/10/1985,Paris (Parc),Luxembourg,6-0
446,qCM,11/09/1985,Leipzig,RDA,0-2
445,Interc.,21/08/1985,Paris (Parc),Uruguay,2-0
444,qCM,02/05/1985,Sofia,Bulgarie,0-2
443,qCM,03/04/1985,Sarajevo,Yougoslavie,0-0
442,qCM,08/12/1984,Paris (Parc),RDA,2-0
441,qCM,21/11/1984,Paris (Parc),Bulgarie,1-0
440,qCM,13/10/1984,Luxembourg,Luxembourg,4-0
439,Euro fin,27/06/1984,Paris (Parc),Espagne,2-0
438,Euro 1/2,23/06/1984,Marseille,Portugal,3-2 (prol)
437,Euro T1,19/06/1984,Saint-Etienne,Yougoslavie,3-2
436,Euro T1,16/06/1984,Nantes,Belgique,5-0
435,Euro T1,12/06/1984,Paris (Parc),Danemark,1-0
434,Amical,01/06/1984,Marseille,Ecosse,2-0
433,Amical,18/04/1984,Strasbourg,Allemagne,1-0
432,Amical,28/03/1984,Bordeaux,Autriche,1-0
431,Amical,29/02/1984,Paris (Parc),Angleterre,2-0
430,Amical,12/11/1983,Zagreb,Yougoslavie,0-0
429,Amical,05/10/1983,Paris (Parc),Espagne,1-1
428,Amical,07/09/1983,Copenhague,Danemark,1-3
427,Amical,31/05/1983,Luxembourg*,Belgique,1-1
426,Amical,23/04/1983,Paris (Parc),Yougoslavie,4-0
425,Amical,23/03/1983,Paris (Parc),URSS,1-1
424,Amical,16/02/1983,Guimaraes,Portugal,3-0
423,Amical,10/11/1982,Rotterdam,Pays-Bas,2-1
422,Amical,06/10/1982,Paris (Parc),Hongrie,1-0
421,Amical,31/08/1982,Paris (Parc),Pologne,0-4
420,CM 3pl,10/07/1982,Alicante*,Pologne,2-3
419,CM 1/2,08/07/1982,Séville*,Allemagne,3-3 (4-5 tab)
418,CM T2,04/07/1982,Madrid*,Irlande du Nord,4-1
417,CM T2,28/06/1982,Madrid*,Autriche,1-0
416,CM T1,24/06/1982,Valladolid*,Tchécoslovaquie,1-1
415,CM T1,21/06/1982,Valladolid*,Koweït,4-1
414,CM T1,16/06/1982,Bilbao*,Angleterre,1-3
413,Amical,02/06/1982,Toulouse,Galles,0-1
412,Amical,14/05/1982,Lyon,Bulgarie,0-0
411,Amical,28/04/1982,Paris (Parc),Pérou,0-1
410,Amical,24/03/1982,Paris (Parc),Irlande du Nord,4-0
409,Amical,23/02/1982,Paris (Parc),Italie,2-0
408,qCM,05/12/1981,Paris (Parc),Chypre,4-0
407,qCM,18/11/1981,Paris (Parc),Pays-Bas,2-0
406,qCM,14/10/1981,Dublin,Rep. d’Irlande,2-3
405,qCM,09/09/1981,Bruxelles,Belgique,0-2
404,Amical,15/05/1981,Paris (Parc),Brésil,1-3
403,qCM,29/04/1981,Paris (Parc),Belgique,3-2
402,qCM,25/03/1981,Rotterdam,Pays-Bas,0-1
401,Amical,18/02/1981,Madrid,Espagne,0-1
400,Amical,19/11/1980,Hanovre,Allemagne,1-4
399,qCM,28/10/1980,Paris (Parc),Rep. d’Irlande,2-0
398,qCM,11/10/1980,Limassol,Chypre,7-0
397,Amical,23/05/1980,Moscou,URSS,0-1
396,Amical,26/03/1980,Paris (Parc),Pays-Bas,0-0
395,Amical,27/02/1980,Paris (Parc),Grèce,5-1
394,qEuro,17/11/1979,Paris (Parc),Tchécoslovaquie,2-1
393,Amical,10/10/1979,Paris (Parc),Etats-Unis,3-0
392,qEuro,05/09/1979,Solna,Suède,3-1
391,Amical,02/05/1979,East Rutherford,Etats-Unis,6-0
390,qEuro,04/04/1979,Bratislava,Tchécoslovaquie,0-2
389,qEuro,25/02/1979,Paris (Parc),Luxembourg,3-0
388,Amical,08/11/1978,Paris (Parc),Espagne,1-0
387,qEuro,07/10/1978,Luxembourg,Luxembourg,3-1
386,qEuro,01/09/1978,Paris (Parc),Suède,2-2
385,CM T1,10/06/1978,Mar del Plata*,Hongrie,3-1
384,CM T1,06/06/1978,Buenos Aires,Argentine,1-2
383,CM T1,02/06/1978,Mar del Plata*,Italie,1-2
382,Amical,19/05/1978,Villeneuve d’Ascq,Tunisie,2-0
381,Amical,11/05/1978,Toulouse,Iran,2-1
380,Amical,01/04/1978,Paris (Parc),Brésil,1-0
379,Amical,08/03/1978,Paris (Parc),Portugal,2-0
378,Amical,08/02/1978,Naples,Italie,2-2
377,qCM,16/11/1977,Paris (Parc),Bulgarie,3-1
376,Amical,08/10/1977,Paris (Parc),URSS,0-0
375,Amical,30/06/1977,Rio de Janeiro,Brésil,2-2
374,Amical,26/06/1977,Buenos Aires,Argentine,0-0
373,Amical,23/04/1977,Genève,Suisse,4-0
372,qCM,30/03/1977,Dublin,Rep. d’Irlande,0-1
371,Amical,23/02/1977,Paris (Parc),Allemagne,1-0
370,qCM,17/11/1976,Paris (Parc),Rep. d’Irlande,2-0
369,qCM,09/10/1976,Sofia,Bulgarie,2-2
368,Amical,01/09/1976,Copenhague,Danemark,1-1
367,Amical,22/05/1976,Budapest,Hongrie,0-1
366,Amical,24/04/1976,Lens,Pologne,2-0
365,Amical,27/03/1976,Paris (Parc),Tchécoslovaquie,2-2
364,qEuro,15/11/1975,Paris (Parc),Belgique,0-0
363,qEuro,12/10/1975,Leipzig,RDA,1-2
362,qEuro,03/09/1975,Nantes,Islande,3-0
361,qEuro,25/05/1975,Reykjavik,Islande,0-0
360,Amical,26/04/1975,Colombes,Portugal,0-2
359,Amical,26/03/1975,Paris (Parc),Hongrie,2-0
358,qEuro,16/11/1974,Paris (Parc),RDA,2-2
357,qEuro,12/10/1974,Bruxelles,Belgique,1-2
356,Amical,07/09/1974,Wroclaw,Pologne,2-0
355,Amical,18/05/1974,Paris (Parc),Argentine,0-1
354,Amical,27/04/1974,Prague,Tchécoslovaquie,3-3
353,Amical,23/03/1974,Paris (Parc),Roumanie,1-0
352,Amical,21/11/1973,Paris (Parc),Danemark,3-0
351,Amical,13/10/1973,Gelsenkirchen,Allemagne,1-2
350,Amical,08/09/1973,Paris (Parc),Grèce,3-1
349,qCM,26/05/1973,Moscou,URSS,0-2
348,qCM,19/05/1973,Paris (Parc),Rep. d’Irlande,1-1
347,Amical,03/03/1973,Paris (Parc),Portugal,1-2
346,qCM,15/11/1972,Dublin,Rep. d’Irlande,1-2
345,qCM,13/10/1972,Paris (Parc),URSS,1-0
344,Amical,02/09/1972,Athènes,Grèce,3-1
343,Amical,25/06/1972,Salvador de Bahia*,Argentine,0-0
342,Amical,18/06/1972,Salvador de Bahia*,Colombie,3-2
341,Amical,15/06/1972,Maceio*,Afrique,2-0
340,Amical,11/06/1972,Salvador de Bahia*,CONCACAF,5-0
339,Amical,08/04/1972,Bucarest,Roumanie,0-2
338,qEuro,04/12/1971,Sofia,Bulgarie,1-2
337,qEuro,10/11/1971,Nantes,Bulgarie,2-1
336,qEuro,09/10/1971,Colombes,Hongrie,0-2
335,qEuro,08/09/1971,Oslo,Norvège,3-1
334,qEuro,24/04/1971,Budapest,Hongrie,1-1
333,Amical,17/03/1971,Valence,Espagne,2-2
332,Amical,13/01/1971,Mar del Plata,Argentine,0-2
331,Amical,08/01/1971,Buenos Aires,Argentine,4-3
330,Amical,15/11/1970,Bruxelles,Belgique,2-1
329,qEuro,11/11/1970,Lyon,Norvège,3-1
328,Amical,07/10/1970,Vienne,Autriche,0-1
327,Amical,05/09/1970,Nice,Tchécoslovaquie,3-0
326,Amical,03/05/1970,Bâle,Suisse,1-2
325,Amical,28/04/1970,Reims,Roumanie,2-0
324,Amical,08/04/1970,Rouen,Bulgarie,1-1
323,qCM,01/11/1969,Paris (Parc),Suède,3-0
322,qCM,15/10/1969,Solna,Suède,0-2
321,qCM,10/09/1969,Oslo,Norvège,3-1
320,Amical,30/04/1969,Paris (Parc),Roumanie,1-0
319,Amical,12/03/1969,Londres,Angleterre,0-5
318,qCM,06/11/1968,Strasbourg,Norvège,0-1
317,Amical,17/10/1968,Lyon,Espagne,1-3
316,Amical,25/09/1968,Marseille,Allemagne,1-1
315,qEuro,24/04/1968,Belgrade,Yougoslavie,1-5
314,qEuro,06/04/1968,Marseille,Yougoslavie,1-1
313,qEuro,23/12/1967,Paris (Parc),Luxembourg,3-1
312,qEuro,28/10/1967,Nantes,Belgique,1-1
311,Amical,27/09/1967,Berlin,Allemagne,1-5
310,qEuro,17/09/1967,Varsovie,Pologne,4-1
309,Amical,03/06/1967,Paris (Parc),URSS,2-4
308,Amical,26/03/1967,Paris (Parc),Roumanie,1-2
307,qEuro,26/11/1966,Luxembourg,Luxembourg,3-0
306,qEuro,11/11/1966,Bruges,Belgique,1-2
305,qEuro,22/10/1966,Paris (Parc),Pologne,2-1
304,Amical,28/09/1966,Budapest,Hongrie,2-4
303,CM T1,20/07/1966,Londres,Angleterre,0-2
302,CM T1,15/07/1966,Londres*,Uruguay,1-2
301,CM T1,13/07/1966,Londres*,Mexique,1-1
300,Amical,05/06/1966,Moscou,URSS,3-3
299,Amical,20/04/1966,Paris (Parc),Belgique,0-3
298,Amical,19/03/1966,Paris (Parc),Italie,0-0
297,qCM,06/11/1965,Marseille,Luxembourg,4-1
296,qCM,09/10/1965,Paris (Parc),Yougoslavie,1-0
295,qCM,15/09/1965,Oslo,Norvège,1-0
294,Amical,03/06/1965,Paris (Parc),Argentine,0-0
293,qCM,18/04/1965,Belgrade,Yougoslavie,0-1
292,Amical,24/03/1965,Paris (Parc),Autriche,1-2
291,Amical,02/12/1964,Bruxelles,Belgique,0-3
290,qCM,11/11/1964,Paris (Parc),Norvège,1-0
289,qCM,04/10/1964,Luxembourg,Luxembourg,2-0
288,qEuro,23/05/1964,Budapest,Hongrie,1-2
287,qEuro,25/04/1964,Colombes,Hongrie,1-3
286,Amical,25/12/1963,Paris (Parc),Belgique,1-2
285,Amical,11/11/1963,Paris (Parc),Suisse,2-2
284,qEuro,26/10/1963,Paris (Parc),Bulgarie,3-1
283,qEuro,29/09/1963,Sofia,Bulgarie,0-1
282,Amical,28/04/1963,Colombes,Brésil,2-3
281,Amical,17/04/1963,Rotterdam,Pays-Bas,0-1
280,qEuro,27/02/1963,Paris (Parc),Angleterre,5-2
279,Amical,09/01/1963,Barcelone,Espagne,0-0
278,Amical,11/11/1962,Colombes,Hongrie,2-3
277,Amical,24/10/1962,Stuttgart,Allemagne,2-2
276,qEuro,03/10/1962,Sheffield,Angleterre,1-1
275,Amical,05/05/1962,Florence,Italie,1-2
274,Amical,11/04/1962,Paris (Parc),Pologne,1-3
273,qCM,16/12/1961,Milan*,Bulgarie,0-1
272,Amical,10/12/1961,Colombes,Espagne,1-1
271,qCM,12/11/1961,Sofia,Bulgarie,0-1
270,Amical,18/10/1961,Bruxelles,Belgique,0-3
269,qCM,28/09/1961,Paris (Parc),Finlande,5-1
268,Amical,02/04/1961,Madrid,Espagne,0-2
267,Amical,15/03/1961,Paris (Parc),Belgique,1-1
266,qCM,11/12/1960,Colombes,Bulgarie,3-0
265,Amical,30/10/1960,Solna,Suède,0-1
264,Amical,12/10/1960,Bâle,Suisse,2-6
263,Amical,28/09/1960,Varsovie,Pologne,2-2
262,qCM,25/09/1960,Helsinki,Finlande,2-1
261,Euro 3pl,09/07/1960,Marseille,Tchécoslovaquie,0-2
260,Euro 1/2,06/07/1960,Paris (Parc),Yougoslavie,4-5
259,qEuro,27/03/1960,Vienne,Autriche,4-2
258,Amical,16/03/1960,Paris (Parc),Chili,6-0
257,Amical,28/02/1960,Bruxelles,Belgique,0-1
256,Amical,17/12/1959,Paris (Parc),Espagne,4-3
255,qEuro,13/12/1959,Colombes,Autriche,5-2
254,Amical,11/11/1959,Colombes,Portugal,5-3
253,Amical,11/10/1959,Sofia,Bulgarie,0-1
252,Amical,01/03/1959,Colombes,Belgique,2-2
251,qEuro,03/12/1958,Athènes,Grèce,1-1
250,Amical,09/11/1958,Colombes,Italie,2-2
249,Amical,26/10/1958,Colombes,Allemagne,2-2
248,Amical,05/10/1958,Vienne,Autriche,2-1
247,qEuro,01/10/1958,Paris (Parc),Grèce,7-1
246,CM 3pl,28/06/1958,Göteborg*,Allemagne,6-3
245,CM 1/2,24/06/1958,Solna*,Brésil,2-5
244,CM 1/4,19/06/1958,Norrköping*,Irlande du Nord,4-0
243,CM T1,15/06/1958,Örebro*,Ecosse,2-1
242,CM T1,11/06/1958,Västeras*,Yougoslavie,2-3
241,CM T1,08/06/1958,Norrköping*,Paraguay,7-3
240,Amical,16/04/1958,Paris (Parc),Suisse,0-0
239,Amical,13/03/1958,Paris (Parc),Espagne,2-2
238,Amical,25/12/1957,Paris (Parc),Bulgarie,2-2
237,Amical,27/11/1957,Londres,Angleterre,0-4
236,qCM,27/10/1957,Bruxelles,Belgique,0-0
235,Amical,06/10/1957,Budapest,Hongrie,0-2
234,qCM,01/09/1957,Reykjavik,Islande,5-1
233,qCM,02/06/1957,Nantes,Islande,8-0
232,Amical,24/03/1957,Lisbonne,Portugal,1-0
231,qCM,11/11/1956,Colombes,Belgique,6-3
230,Amical,21/10/1956,Colombes,URSS,2-1
229,Amical,07/10/1956,Colombes,Hongrie,1-2
228,Amical,25/03/1956,Colombes,Autriche,3-1
227,Amical,15/02/1956,Bologne,Italie,0-2
226,Amical,25/12/1955,Bruxelles,Belgique,1-2
225,Amical,11/11/1955,Colombes,Yougoslavie,1-1
224,Amical,23/10/1955,Moscou,URSS,2-2
223,Amical,09/10/1955,Bâle,Suisse,2-1
222,Amical,15/05/1955,Colombes,Angleterre,1-0
221,Amical,03/04/1955,Colombes,Suède,2-0
220,Amical,17/03/1955,Madrid,Espagne,2-1
219,Amical,11/11/1954,Colombes,Belgique,2-2
218,Amical,16/10/1954,Hanovre,Allemagne,3-1
217,CM,19/06/1954,Genève*,Mexique,3-2
216,CM,16/06/1954,Lausanne*,Yougoslavie,0-1
215,Amical,30/05/1954,Bruxelles,Belgique,3-3
214,Amical,11/04/1954,Colombes,Italie,1-3
213,qCM,17/12/1953,Paris (Parc),Luxembourg,8-0
212,qCM,25/11/1953,Paris (Parc),Rep. d’Irlande,1-0
211,Amical,11/11/1953,Colombes,Suisse,2-4
210,Amical,18/10/1953,Zagreb,Yougoslavie,1-3
209,qCM,04/10/1953,Dublin,Rep. d’Irlande,5-3
208,qCM,20/09/1953,Luxembourg,Luxembourg,6-1
207,Amical,11/06/1953,Solna,Suède,0-1
206,Amical,14/05/1953,Colombes,Galles,6-1
205,Amical,25/12/1952,Colombes,Belgique,0-1
204,Amical,16/11/1952,Dublin,Rep. d’Irlande,1-1
203,Amical,11/11/1952,Colombes,Irlande du Nord,3-1
202,Amical,19/10/1952,Vienne,Autriche,2-1
201,Amical,05/10/1952,Colombes,Allemagne,3-1
200,Amical,22/05/1952,Bruxelles,Belgique,2-1
199,Amical,20/04/1952,Colombes,Portugal,3-0
198,Amical,26/03/1952,Paris (Parc),Suède,0-1
197,Amical,01/11/1951,Colombes,Autriche,2-2
196,Amical,14/10/1951,Genève,Suisse,2-1
195,Amical,03/10/1951,Londres,Angleterre,2-2
194,Amical,03/06/1951,Gênes,Italie,1-4
193,Amical,16/05/1951,Glasgow,Ecosse,0-1
192,Amical,12/05/1951,Belfast,Irlande du Nord,2-2
191,Amical,06/02/1951,Paris (Parc),Yougoslavie,2-1
190,Amical,10/12/1950,Colombes,Pays-Bas,5-2
189,Amical,01/11/1950,Colombes,Belgique,3-3
188,Amical,04/06/1950,Bruxelles,Belgique,1-4
187,Amical,27/05/1950,Colombes,Ecosse,0-1
186,qCM,11/12/1949,Florence*,Yougoslavie,2-3 (prol)
185,Amical,13/11/1949,Colombes,Tchécoslovaquie,1-0
184,qCM,30/10/1949,Colombes,Yougoslavie,1-1
183,qCM,09/10/1949,Belgrade,Yougoslavie,1-1
182,Amical,19/06/1949,Colombes,Espagne,1-5
181,Amical,04/06/1949,Colombes,Suisse,4-2
180,Amical,22/05/1949,Colombes,Angleterre,1-3
179,Amical,27/04/1949,Glasgow,Ecosse,0-2
178,Amical,23/04/1949,Rotterdam,Pays-Bas,1-4
177,Amical,17/10/1948,Colombes,Belgique,3-3
176,Amical,12/06/1948,Prague,Tchécoslovaquie,4-0
175,Amical,06/06/1948,Bruxelles,Belgique,2-4
174,Amical,23/05/1948,Colombes,Ecosse,3-0
173,Amical,04/04/1948,Colombes,Italie,1-3
172,Amical,23/11/1947,Lisbonne,Portugal,4-2
171,Amical,08/06/1947,Lausanne,Suisse,2-1
170,Amical,01/06/1947,Colombes,Belgique,4-2
169,Amical,26/05/1947,Colombes,Pays-Bas,4-0
168,Amical,03/05/1947,Londres,Angleterre,0-3
167,Amical,23/03/1947,Colombes,Portugal,1-0
166,Amical,19/05/1946,Colombes,Angleterre,2-1
165,Amical,05/05/1946,Colombes,Autriche,3-1
164,Amical,14/04/1946,Lisbonne,Portugal,1-2
163,Amical,07/04/1946,Colombes,Tchécoslovaquie,3-0
162,Amical,15/12/1945,Bruxelles,Belgique,1-2
161,Amical,06/12/1945,Vienne,Autriche,1-4
160,Amical,26/05/1945,Londres,Angleterre,2-2
159,Amical,08/04/1945,Lausanne,Suisse,0-1
158,Amical,24/12/1944,Paris (Parc),Belgique,3-1
157,Amical,15/03/1942,Séville,Espagne,0-4
156,Amical,08/03/1942,Marseille,Suisse,0-2
155,Amical,28/01/1940,Paris (Parc),Portugal,3-2
154,Amical,21/05/1939,Colombes,Galles,2-1
153,Amical,18/05/1939,Bruxelles,Belgique,3-1
152,Amical,16/03/1939,Paris (Parc),Hongrie,2-2
151,Amical,22/01/1939,Paris (Parc),Pologne,4-0
150,Amical,04/12/1938,Naples,Italie,0-1
149,CM 1/4,12/06/1938,Colombes,Italie,1-3
148,CM 1/8,05/06/1938,Colombes,Belgique,3-1
147,Amical,26/05/1938,Colombes,Angleterre,2-4
146,Amical,24/03/1938,Paris (Parc),Bulgarie,6-1
145,Amical,30/01/1938,Paris (Parc),Belgique,5-3
144,Amical,05/12/1937,Paris (Parc),Italie,0-0
143,Amical,31/10/1937,Amsterdam,Pays-Bas,3-2
142,Amical,10/10/1937,Paris (Parc),Suisse,2-1
141,Amical,23/05/1937,Colombes,Rep. d’Irlande,0-2
140,Amical,21/03/1937,Stuttgart,Allemagne,0-4
139,Amical,21/02/1937,Bruxelles,Belgique,1-3
138,Amical,24/01/1937,Paris (Parc),Autriche,1-2
137,Amical,13/12/1936,Paris (Parc),Yougoslavie,1-0
136,Amical,08/03/1936,Colombes,Belgique,3-0
135,Amical,09/02/1936,Paris (Parc),Tchécoslovaquie,0-3
134,Amical,12/01/1936,Paris (Parc),Pays-Bas,1-6
133,Amical,10/11/1935,Paris (Parc),Suède,2-0
132,Amical,27/10/1935,Genève,Suisse,1-2
131,Amical,19/05/1935,Colombes,Hongrie,2-0
130,Amical,14/04/1935,Bruxelles,Belgique,1-1
129,Amical,17/03/1935,Paris (Parc),Allemagne,1-3
128,Amical,17/02/1935,Rome,Italie,1-2
127,Amical,24/01/1935,Madrid,Espagne,0-2
126,Amical,16/12/1934,Paris (Parc),Yougoslavie,3-2
125,CM T1,27/05/1934,Turin*,Autriche,2-3 (prol)
124,Amical,10/05/1934,Amsterdam,Pays-Bas,5-4
123,qCM,15/04/1934,Luxembourg,Luxembourg,6-1
122,Amical,25/03/1934,Colombes,Tchécoslovaquie,1-2
121,Amical,11/03/1934,Paris (Parc),Suisse,0-1
120,Amical,21/01/1934,Bruxelles,Belgique,3-2
119,Amical,06/12/1933,Londres,Angleterre,1-4
118,Amical,10/06/1933,Prague,Tchécoslovaquie,0-4
117,Amical,25/05/1933,Colombes,Galles,1-1
116,Amical,23/04/1933,Colombes,Espagne,1-0
115,Amical,26/03/1933,Colombes,Belgique,3-0
114,Amical,19/03/1933,Berlin,Allemagne,3-3
113,Amical,12/03/1933,Paris (Parc),Autriche,0-4
112,Amical,12/06/1932,Bucarest,Roumanie,3-6
111,Amical,09/06/1932,Sofia,Bulgarie,5-3
110,Amical,05/06/1932,Belgrade,Yougoslavie,1-2
109,Amical,08/05/1932,Colombes,Ecosse,1-3
108,Amical,01/05/1932,Bruxelles,Belgique,2-5
107,Amical,10/04/1932,Colombes,Italie,1-2
106,Amical,20/03/1932,Berne,Suisse,3-3
105,Amical,29/11/1931,Colombes,Pays-Bas,3-4
104,Amical,14/05/1931,Colombes,Angleterre,5-2
103,Amical,15/03/1931,Colombes,Allemagne,1-0
102,Amical,15/02/1931,Colombes,Tchécoslovaquie,1-2
101,Amical,25/01/1931,Bologne,Italie,0-5
100,Amical,07/12/1930,Montrouge,Belgique,2-2
99,CM T1,19/07/1930,Montevideo*,Chili,0-1
98,CM T1,15/07/1930,Montevideo*,Argentine,0-1
97,CM T1,13/07/1930,Montevideo*,Mexique,4-1
96,Amical,25/05/1930,Ougrée,Belgique,2-1
95,Amical,18/05/1930,Colombes,Ecosse,0-2
94,Amical,11/05/1930,Colombes,Tchécoslovaquie,2-3
93,Amical,13/04/1930,Colombes,Belgique,1-6
92,Amical,23/03/1930,Colombes,Suisse,3-3
91,Amical,23/02/1930,Porto,Portugal,0-2
90,Amical,26/05/1929,Rocourt,Belgique,1-4
89,Amical,19/05/1929,Colombes,Yougoslavie,1-3
88,Amical,09/05/1929,Colombes,Angleterre,1-4
87,Amical,14/04/1929,Saragosse,Espagne,1-8
86,Amical,24/03/1929,Colombes,Portugal,2-0
85,Amical,24/02/1929,Colombes,Hongrie,3-0
84,JO,29/05/1928,Amsterdam*,Italie,3-4
83,Amical,17/05/1928,Colombes,Angleterre,1-5
82,Amical,13/05/1928,Colombes,Tchécoslovaquie,0-2
81,Amical,29/04/1928,Paris (Parc),Portugal,1-1
80,Amical,15/04/1928,Colombes,Belgique,2-3
79,Amical,11/03/1928,Lausanne,Suisse,3-4
78,Amical,21/02/1928,Montrouge,Irlande du Nord,4-0
77,Amical,12/06/1927,Budapest,Hongrie,1-13
76,Amical,26/05/1927,Colombes,Angleterre,0-6
75,Amical,22/05/1927,Colombes,Espagne,1-4
74,Amical,24/04/1927,Colombes,Italie,3-3
73,Amical,16/03/1927,Lisbonne,Portugal,0-4
72,Amical,20/06/1926,Bruxelles,Belgique,2-2
71,Amical,13/06/1926,Colombes,Yougoslavie,4-1
70,Amical,30/05/1926,Vienne,Autriche,1-4
69,Amical,25/04/1926,Colombes,Suisse,1-0
68,Amical,18/04/1926,Toulouse,Portugal,4-2
67,Amical,11/04/1926,Paris (Pershing),Belgique,4-3
66,Amical,21/05/1925,Colombes,Angleterre,2-3
65,Amical,19/04/1925,Paris (Pershing),Autriche,0-4
64,Amical,22/03/1925,Turin,Italie,0-7
63,Amical,11/11/1924,Bruxelles,Belgique,0-3
62,Amical,04/06/1924,Le Havre,Hongrie,0-1
61,JO,01/06/1924,Colombes,Uruguay,1-5
60,JO,27/05/1924,Saint-Ouen,Lettonie,7-0
59,Amical,17/05/1924,Paris (Pershing),Angleterre,1-3
58,Amical,23/03/1924,Genève,Suisse,0-3
57,Amical,13/01/1924,Montrouge,Belgique,2-0
56,Amical,28/10/1923,Paris (Parc),Norvège,0-2
55,Amical,10/05/1923,Paris (Pershing),Angleterre,1-4
54,Amical,22/04/1923,Paris (Pershing),Suisse,2-2
53,Amical,02/04/1923,Amsterdam,Pays-Bas,1-8
52,Amical,25/02/1923,Bruxelles,Belgique,1-4
51,Amical,28/01/1923,Saint-Sebastien,Espagne,0-3
50,Amical,30/04/1922,Bordeaux,Espagne,0-4
49,Amical,15/01/1922,Colombes,Belgique,2-1
48,Amical,13/11/1921,Paris (Pershing),Pays-Bas,0-5
47,Amical,05/05/1921,Paris (Pershing),Angleterre,2-1
46,Amical,06/03/1921,Bruxelles,Belgique,1-3
45,Amical,20/02/1921,Marseille,Italie,1-2
44,Amical,08/02/1921,Paris (Parc),Irlande,1-2
43,JO,31/08/1920,Anvers*,Tchécoslovaquie,1-4
42,JO,29/08/1920,Anvers*,Italie,3-1
41,Amical,05/04/1920,Rouen,Angleterre,0-5
40,Amical,28/03/1920,Paris (Parc),Belgique,2-1
39,Amical,29/02/1920,Genève,Suisse,2-0
38,Amical,18/01/1920,Milan,Italie,4-9
37,Amical,09/03/1919,Bruxelles,Belgique,2-2
36,Amical,31/05/1914,Budapest,Hongrie,1-5
35,Amical,29/03/1914,Turin,Italie,0-2
34,Amical,08/03/1914,Saint-Ouen,Suisse,2-2
33,Amical,08/02/1914,Luxembourg,Luxembourg,4-5
32,Amical,25/01/1914,Lille,Belgique,4-3
31,Amical,20/04/1913,Saint-Ouen,Luxembourg,8-0
30,Amical,09/03/1913,Genève,Suisse,4-1
29,Amical,27/02/1913,Colombes,Angleterre,1-4
28,Amical,16/02/1913,Bruxelles,Belgique,0-3
27,Amical,12/01/1913,Saint-Ouen,Italie,1-0
26,Amical,17/03/1912,Turin,Italie,4-3
25,Amical,18/02/1912,Saint-Ouen,Suisse,4-1
24,Amical,28/01/1912,Saint-Ouen,Belgique,1-1
23,Amical,29/10/1911,Luxembourg,Luxembourg,4-1
22,Amical,30/04/1911,Bruxelles,Belgique,1-7
21,Amical,23/04/1911,Genève,Suisse,2-5
20,Amical,09/04/1911,Saint-Ouen,Italie,2-2
19,Amical,23/03/1911,Saint-Ouen,Angleterre,0-3
18,Amical,01/01/1911,Maisons-Alfort,Hongrie,0-3
17,Amical,15/05/1910,Milan,Italie,2-6
16,Amical,16/04/1910,Brighton,Angleterre,1-10
15,Amical,03/04/1910,Gentilly,Belgique,0-4
14,Amical,22/05/1909,Gentilly,Angleterre,0-11
13,Amical,09/05/1909,Bruxelles,Belgique,2-5
12,JO,22/10/1908,Londres*,Danemark,1-17
11,JO,19/10/1908,Londres*,Danemark,0-9
10,Amical,10/05/1908,Rotterdam,Pays-Bas,1-4
9,Amical,12/04/1908,Colombes,Belgique,1-2
8,Amical,23/03/1908,Londres,Angleterre,0-12
7,Amical,08/03/1908,Genève,Suisse,2-1
6,Amical,21/04/1907,Bruxelles,Belgique,2-1
5,Amical,01/11/1906,Paris (Parc),Angleterre,0-15
4,Amical,22/04/1906,Saint-Cloud,Belgique,0-5
3,Amical,07/05/1905,Bruxelles,Belgique,0-7
2,Amical,12/02/1905,Paris (Parc),Suisse,1-0
1,Amical,01/05/1904,Bruxelles,Belgique,3-3
